"DisplayName","UserPrincipalName","Group"
"Usuario031 Demo","usuario031@soporteksircom.onmicrosoft.com","Logistics"
"Usuario032 Demo","usuario032@soporteksircom.onmicrosoft.com","Sales"
"Usuario033 Demo","usuario033@soporteksircom.onmicrosoft.com","Logistics"
"Usuario034 Demo","usuario034@soporteksircom.onmicrosoft.com","Sales"
"Usuario035 Demo","usuario035@soporteksircom.onmicrosoft.com","Logistics"
"Usuario036 Demo","usuario036@soporteksircom.onmicrosoft.com","Tech Support"
"Usuario037 Demo","usuario037@soporteksircom.onmicrosoft.com","Sales"
"Usuario038 Demo","usuario038@soporteksircom.onmicrosoft.com","Tech Support"
"Usuario039 Demo","usuario039@soporteksircom.onmicrosoft.com","Sales"
"Usuario040 Demo","usuario040@soporteksircom.onmicrosoft.com","Logistics"
"Usuario041 Demo","usuario041@soporteksircom.onmicrosoft.com","Sales"
"Usuario042 Demo","usuario042@soporteksircom.onmicrosoft.com","Logistics"
"Usuario043 Demo","usuario043@soporteksircom.onmicrosoft.com","Sales"
"Usuario044 Demo","usuario044@soporteksircom.onmicrosoft.com","Tech Support"
"Usuario045 Demo","usuario045@soporteksircom.onmicrosoft.com","Sales"
"Usuario046 Demo","usuario046@soporteksircom.onmicrosoft.com","Tech Support"
"Usuario047 Demo","usuario047@soporteksircom.onmicrosoft.com","Tech Support"
"Usuario048 Demo","usuario048@soporteksircom.onmicrosoft.com","Logistics"
"Usuario049 Demo","usuario049@soporteksircom.onmicrosoft.com","Tech Support"
"Usuario050 Demo","usuario050@soporteksircom.onmicrosoft.com","Marketing"
"Usuario051 Demo","usuario051@soporteksircom.onmicrosoft.com","Sales"
"Usuario052 Demo","usuario052@soporteksircom.onmicrosoft.com","Logistics"
"Usuario053 Demo","usuario053@soporteksircom.onmicrosoft.com","Logistics"
"Usuario054 Demo","usuario054@soporteksircom.onmicrosoft.com","Logistics"
"Usuario055 Demo","usuario055@soporteksircom.onmicrosoft.com","Sales"
"Usuario056 Demo","usuario056@soporteksircom.onmicrosoft.com","Sales"
"Usuario057 Demo","usuario057@soporteksircom.onmicrosoft.com","Logistics"
"Usuario058 Demo","usuario058@soporteksircom.onmicrosoft.com","Logistics"
"Usuario059 Demo","usuario059@soporteksircom.onmicrosoft.com","Marketing"
"Usuario060 Demo","usuario060@soporteksircom.onmicrosoft.com","Marketing"
"Usuario061 Demo","usuario061@soporteksircom.onmicrosoft.com","Sales"
"Usuario062 Demo","usuario062@soporteksircom.onmicrosoft.com","Logistics"
"Usuario063 Demo","usuario063@soporteksircom.onmicrosoft.com","Tech Support"
"Usuario064 Demo","usuario064@soporteksircom.onmicrosoft.com","Tech Support"
"Usuario065 Demo","usuario065@soporteksircom.onmicrosoft.com","Sales"
"Usuario066 Demo","usuario066@soporteksircom.onmicrosoft.com","Marketing"
"Usuario067 Demo","usuario067@soporteksircom.onmicrosoft.com","Sales"
"Usuario068 Demo","usuario068@soporteksircom.onmicrosoft.com","Tech Support"
"Usuario069 Demo","usuario069@soporteksircom.onmicrosoft.com","Sales"
"Usuario070 Demo","usuario070@soporteksircom.onmicrosoft.com","Tech Support"
"Usuario071 Demo","usuario071@soporteksircom.onmicrosoft.com","Tech Support"
"Usuario072 Demo","usuario072@soporteksircom.onmicrosoft.com","Marketing"
"Usuario073 Demo","usuario073@soporteksircom.onmicrosoft.com","Sales"
"Usuario074 Demo","usuario074@soporteksircom.onmicrosoft.com","Sales"
"Usuario075 Demo","usuario075@soporteksircom.onmicrosoft.com","Marketing"
"Usuario076 Demo","usuario076@soporteksircom.onmicrosoft.com","Tech Support"
"Usuario077 Demo","usuario077@soporteksircom.onmicrosoft.com","Logistics"
"Usuario078 Demo","usuario078@soporteksircom.onmicrosoft.com","Sales"
"Usuario079 Demo","usuario079@soporteksircom.onmicrosoft.com","Sales"
"Usuario080 Demo","usuario080@soporteksircom.onmicrosoft.com","Logistics"
"Usuario081 Demo","usuario081@soporteksircom.onmicrosoft.com","Sales"
"Usuario082 Demo","usuario082@soporteksircom.onmicrosoft.com","Tech Support"
"Usuario083 Demo","usuario083@soporteksircom.onmicrosoft.com","Tech Support"
"Usuario084 Demo","usuario084@soporteksircom.onmicrosoft.com","Tech Support"
"Usuario085 Demo","usuario085@soporteksircom.onmicrosoft.com","Logistics"
"Usuario086 Demo","usuario086@soporteksircom.onmicrosoft.com","Marketing"
"Usuario087 Demo","usuario087@soporteksircom.onmicrosoft.com","Marketing"
"Usuario088 Demo","usuario088@soporteksircom.onmicrosoft.com","Marketing"
"Usuario089 Demo","usuario089@soporteksircom.onmicrosoft.com","Tech Support"
"Usuario090 Demo","usuario090@soporteksircom.onmicrosoft.com","Sales"
"Usuario091 Demo","usuario091@soporteksircom.onmicrosoft.com","Marketing"
"Usuario092 Demo","usuario092@soporteksircom.onmicrosoft.com","Tech Support"
"Usuario093 Demo","usuario093@soporteksircom.onmicrosoft.com","Tech Support"
"Usuario094 Demo","usuario094@soporteksircom.onmicrosoft.com","Sales"
"Usuario095 Demo","usuario095@soporteksircom.onmicrosoft.com","Logistics"
"Usuario096 Demo","usuario096@soporteksircom.onmicrosoft.com","Logistics"
"Usuario097 Demo","usuario097@soporteksircom.onmicrosoft.com","Sales"
"Usuario098 Demo","usuario098@soporteksircom.onmicrosoft.com","Tech Support"
"Usuario099 Demo","usuario099@soporteksircom.onmicrosoft.com","Sales"
"Usuario100 Demo","usuario100@soporteksircom.onmicrosoft.com","Sales"
